Manudi;Italy;Europe
Clouds;United Kingdom;Europe
Toil;Italy;Europe
Primal Beat;United Kingdom;Europe
Frixion Fanatic;Netherlands;Europe
Sifres;United Kingdom;Europe
Sifres;United Kingdom;Europe
Les Enfants Sages;France;Europe
Les Enfants Sages;France;Europe
Shmirlap;United States of America;North America
Les Enfants Sages;France;Europe
Diex;United Kingdom;Europe
Alarach;Russian Federation;Europe
Pitch Mad Attak;France;Europe
Vortek's;France;Europe
I Hate Models;missing;missing
Alextrem;France;Europe
Alextrem;missing;missing
Pitch Mad Attak;France;Europe
Nout;Germany;Europe
Strez;France;Europe
Billx;France;Europe
Alryk;France;Europe
Sustain Release;France;Europe
Suburbass;Germany;Europe
Alryk;France;Europe
Alryk;France;Europe
Alryk;France;Europe
Stiwie;United States of America;North America
Neurotribe;France;Europe
Gotek;United States of America;North America
Kosmo;France;Europe
Teknambul;United States of America;North America
Obi1;France;Europe
Teknambul;France;Europe
Gotek;France;Europe
Stiwie;United States of America;North America
Obi1;France;Europe
Alextrem;missing;missing
Watmastaz;France;Europe
Floxytek;France;Europe
Billx;France;Europe
Strez;France;Europe
Mat Weasel Busters;Switzerland;Europe
Sytri-x;France;Europe
Jt Labo 14;France;Europe
Teknival Damage 2009;France;Europe
Suburbass;France;Europe
Vortek's;France;Europe
Mat Weasel Busters;Switzerland;Europe
Vortek's;France;Europe
Guigoo;France;Europe
Arcek;Germany;Europe
HIGHKO;Germany;Europe
Billx;France;Europe
Billx;France;Europe
Vortek's;France;Europe
Keygen Kaotik;France;Europe
Fant4stik;France;Europe
Billx;France;Europe
Vandal;France;Europe
Billx;France;Europe
HIGHKO;United Kingdom;Europe
HIGHKO;Germany;Europe
Dark Whisper;United Kingdom;Europe
HIGHKO;Germany;Europe
Labo 14;Germany;Europe
PMS23;United States of America;North America
Paralocks;Germany;Europe
Wems;France;Europe
Suburbass;France;Europe
Alryk;France;Europe
